feature1,feature2,target
0.4967141530112327,1.3993554365860021,-1.646157551625497
-0.13826430117118466,0.9246336829127688,-2.3363196046968504
0.6476885381006925,0.05963036992017413,1.4275949139617485
1.5230298564080254,-0.6469367777055739,5.708982359815703
-0.23415337472333597,0.6982233136135899,-3.0457140848740805
-0.23413695694918055,0.3934853854217496,-1.3827347880045715
1.5792128155073915,0.8951932200277323,2.9478547441478216
0.7674347291529088,0.6351718016819695,0.6234162685606919
-0.4694743859349521,1.0495527153193351,-3.177905754227324
0.5425600435859647,-0.535235211560568,3.166935622692309
-0.46341769281246226,1.3173940656343257,-4.828821141890526
-0.46572975357025687,0.19759960469239965,-2.173750859378677
0.24196227156603412,2.0752608726252655,-3.8092061054460777
-1.913280244657798,-0.6891878180895679,-4.831416648348689
-1.7249178325130328,1.7359638031652493,-8.231943682903722
-0.5622875292409727,0.1979107834626478,-2.1795972240346155
-1.0128311203344238,-0.6514180036144483,-1.8679147744296802
0.3142473325952739,-0.48388583405432156,0.9085824836910881
-0.9080240755212109,-0.32034730819432017,-1.7656685950703792
-1.4123037013352915,0.4241659464019164,-5.704872194236443
1.465648768921554,0.5228354880354996,3.381241645826827
-0.22577630048653566,-0.573700003938579,0.6087595753966468
0.06752820468792384,-0.02435459226098284,0.9316230965050627
-1.4247481862134568,2.1422703586118637,-9.213195475423655
-0.5443827245251827,1.7275431701007113,-6.597990591687384
0.11092258970986608,0.4363236696740321,-0.44795479784161846
-1.1509935774223028,0.03800347816820029,-2.6287320978478825
0.37569801834567196,0.1200313267182613,1.5065045780702118
-0.600638689918805,0.6135179727304166,-2.9241223075799354
-0.2916937497932768,-1.0227925651984056,0.9246857882009571
-0.6017066122293969,-0.2573765374233451,-0.8868054635228453
1.8522781845089378,-1.6685840738775894,8.407229601429757
-0.013497224737933921,0.39922312260527926,-0.6007590347462506
-1.0577109289559004,0.647195939702741,-4.21478958668987
0.822544912103189,-0.483186462299374,3.964112614657755
-1.2208436499710222,1.5739867632900328,-5.430674457037594
0.2088635950047554,-1.2257656630023412,3.2743300946083322
-1.9596701238797756,-1.4643748802098202,-3.2047424240734355
-1.3281860488984305,0.22445181855997204,-4.446248939911232
0.19686123586912352,1.0470983026121545,-2.3881508500614976
0.7384665799954104,1.6839276914578687,-1.4998122084740353
0.1713682811899705,-0.45888426286894,1.2272321502512393
-0.11564828238824053,1.0786808334312956,-2.766350712994609
-0.3011036955892888,-0.03850846950070721,-0.750116711749591
-1.4785219903674274,-0.17262729994081963,-4.501521337411742
-0.7198442083947086,0.8836599374866724,-3.3663371664952346
-0.4606387709597875,0.6523228784134196,-2.6864585372471037
1.0571222262189157,-1.5763921569842494,6.3195008320559385
0.3436182895684614,1.4765403497258958,-2.0861731890028663
-1.763040155362734,1.3800913541474515,-7.971707832453616
0.324083969394795,-0.6255627015095294,2.635926443537261
-0.38508228041631654,0.39580353343740904,-2.380419015979218
-0.6769220003059587,0.4940301862827388,-3.347884618020982
0.6116762888408679,0.2606737658239071,1.1618183204864572
1.030999522495951,-0.5503051538454201,3.520673413442086
0.9312801191161986,-0.6716233679380516,3.7274581633639494
-0.8392175232226385,-0.025554070991445278,-2.7046548644573547
-0.3092123758512146,1.1727290192593647,-2.8359005757160096
0.33126343140356396,0.5436001545944323,0.03787064952278968
0.9755451271223592,-0.37061433208610595,3.7646590012230616
-0.47917423784528995,0.7716987106483447,-2.5554711537485737
-0.18565897666381712,-2.8485426206300755,5.071422417069001
-1.1063349740060282,1.1487657003721035,-5.421303897797847
-1.1962066240806708,-1.7397137787780996,-0.16080319115206126
0.812525822394198,-0.36244094140313216,3.295140524688673
1.356240028570823,-1.1196698946261439,6.016680546158966
-0.07201012158033385,-1.2946814757209058,1.1539240075625956
1.0035328978920242,1.1608267873785194,0.6218055378258815
0.36163602504763415,-0.46770120131189136,2.7316845458166554
-0.6451197546051243,0.3465038817307158,-2.1652593261560082
0.36139560550841393,-0.04692057887918407,1.6607267165791952
1.5380365664659692,0.47704082722312147,4.278093405854774
-0.03582603910995154,0.07682189106025536,-0.21679310396964663
1.5646436558140062,-1.2829922241885696,7.358573269521956
-2.6197451040897444,0.99626681944714,-10.160594898880687
0.8219025043752238,-0.4937565831613125,3.2951842514347716
0.08704706823817122,-1.556581898659751,3.6821905769195866
-0.29900735046586746,-0.4281151609659125,0.5611504891186307
0.0917607765355023,1.5007597906343109,-2.7959603895026146
-1.9875689146008928,0.8502217421134929,-7.88824486045537
-0.21967188783751193,-0.3486521344078592,0.03855258473148121
0.3571125715117464,-0.3492577043184288,2.070456497636654
1.477894044741516,-0.3216350512173826,4.355024828592542
-0.5182702182736474,2.076747983560841,-6.856397098511243
-0.8084936028931876,0.38193545223155334,-3.4646201378884616
-0.5017570435845365,0.43004164719106963,-2.975710638092828
0.9154021177020741,1.0302834540318422,0.4315693462188826
0.32875110965968446,0.23878915902651351,0.4347848515172905
-0.5297602037670388,-0.2590421458207031,-1.297820524171217
0.5132674331133561,-0.19634984908497827,2.6587357647453973
0.09707754934804039,-0.07160125941406395,0.5978075491734092
0.9686449905328892,-0.03722223650984159,3.130616624423765
-0.7020530938773524,0.7276295436369798,-3.250314796884316
-0.3276621465977682,0.05194588580729943,-1.656294770298288
-0.39210815313215763,0.7326400772155792,-2.122048720117497
-1.4635149481321186,-0.08071658010858232,-4.266993827446921
0.29612027706457605,0.07863519031609059,1.0663307591821534
0.26105527217988933,-1.9982006845321076,4.243638569083806
0.00511345664246089,0.9163276747024814,-2.5941943624856125
-0.23458713337514692,0.3464884758979927,-0.9877935229089119
-1.4153707420504142,0.9980101098596522,-6.053927682821789
-0.42064532276535904,-2.8962553781936893,4.079549010912546
-0.3427145165267695,2.0883747047807275,-5.639724499779111
-0.8022772692216189,-0.13958962815517376,-1.5649351591471243
-0.16128571166600914,1.1081828167375165,-3.2949287149067246
0.4040508568145384,-1.0399059271255309,4.113300901322659
1.8861859012105302,0.6127739050625697,3.982699526182517
0.17457781283183896,-1.0534155631736561,2.9497605276470207
0.25755039072276437,-0.6237689606958051,1.8558798556854108
-0.07444591576616721,1.9140313538667861,-3.749806739490902
-1.9187712152990415,-0.19068240076334658,-5.647005845427527
-0.026513875449216878,0.21743287317972287,-0.5958038257432434
0.06023020994102644,0.8700677306887542,-1.5389852438565685
2.463242112485286,0.49568188797260465,5.897268833619913
-0.19236096478112252,0.15041890514357642,-0.5075085319204575
0.30154734233361247,0.3649610024662254,-0.08188676116740606
-0.03471176970524331,2.403415585238275,-5.025266437262289
-1.168678037619532,-0.05761879703358539,-3.8879712060956813
1.1428228145150205,0.2010990467149675,1.7451035207174712
0.7519330326867741,1.050654396007612,0.05897642474501366
0.7910319470430469,1.1055259329579838,1.368351686019631
-0.9093874547947389,1.1870303055603801,-4.709920831555966
1.4027943109360992,0.6387302220291846,2.9212922988827312
-1.4018510627922809,-1.1430049127304835,-2.05098877752001
0.5868570938002703,1.633431532301096,-1.495058836795358
2.1904556258099785,-1.146345393018688,9.137617221054917
-0.9905363251306883,0.30263546523903323,-4.167286313524555
-0.5662977296027719,-0.7542758500193579,0.3668193585648363
0.09965136508764122,-0.06413834659299254,0.7849214461695307
-0.5034756541161992,0.3287624103034804,-1.8088589201015912
-1.5506634310661327,0.32135721545027307,-5.075466854694081
0.06856297480602733,0.42192075423528475,-0.6283442552054925
-1.0623037137261049,1.613711269058647,-6.077903061312199
0.4735924306351816,0.45353430151397983,0.8096157557482742
-0.9194242342338032,-0.24415663529064868,-2.446979787590624
1.5499344050175394,0.9640871682883573,2.434827992027453
-0.7832532923362371,1.1894704889246406,-4.677772707226999
-0.3220615162056756,-1.2276078151369925,2.263541157404552
0.8135172173696698,0.597400069849858,0.6261979745823426
-1.2308643164339552,0.7011727423108983,-5.828701066799883
0.22745993460412942,-0.29756350335999193,1.3598872311506305
1.307142754282428,1.3757068133116195,1.1954584871520542
-1.6074832345612275,-0.15005558703252672,-4.435667697433425
0.1846338585323042,0.12557645347154225,0.42472526760807827
0.25988279424842353,-0.1730718242838696,1.0141909039956074
0.7818228717773104,0.015579047581467534,3.0592422394700374
-1.236950710878082,-1.0962750868952018,-2.3187539480821
-1.3204566130842763,-1.4400508825942944,-1.4955165864543631
0.5219415656168976,1.5945050632249722,-1.6748128096737753
0.29698467323318606,-0.8469613483183278,1.7632823107591302
0.25049285034587654,-0.9913923494563072,2.6463360477342084
0.3464482094969757,-2.153390113603715,6.176859938562365
-0.6800247215784908,-0.6389617476895022,-0.7517074252084872
0.23225369716100355,-1.3230897934074983,3.4582911311573494
0.29307247329868125,1.642015160136369,-3.0348952829629843
-0.7143514180263678,1.0098170893426341,-4.47086913678411
1.8657745111447566,-0.6881503451777238,6.786026033627748
0.4738329209117875,2.2524358053443088,-3.242230396331372
-1.1913034972026486,0.9817654869915943,-4.896619568089251
0.6565536086338297,-0.32483138350862245,2.8981691232812965
-0.9746816702273214,-2.499405714873573,1.519037440596666
0.787084603742452,2.2909425725907417,-2.097378944738125
1.158595579007404,-1.389572466763596,6.504042544797797
-0.8206823183517105,-1.6453987469568918,1.3988250581192854
0.9633761292443218,1.0225704320096403,1.635257866997872
0.4127809269364983,2.439752406339273,-4.148709127782985
0.82206015999449,1.3842728185105182,-0.7077939126427356
1.8967929826539474,0.5639091200523596,3.9337717783998154
-0.2453881160028705,0.594754341665286,-2.042682960892674
-0.7537361643574896,0.8534155587803077,-3.734860423409917
-0.8895144296255233,0.7589285897867651,-3.692733210155549
-0.8158102849654383,0.2811914239693758,-3.0477892146563277
-0.0771017094141042,0.10420110395187607,-0.5996310977734867
0.3411519748166439,-0.06259312789952241,1.2245211763733468
0.27669079933001905,-0.7539645888666763,1.9204301249083982
0.8271832490360238,-0.28067507686677406,4.0876692616890065
0.01300189187790702,-1.6929568141953855,2.6210887904654623
1.4535340771573169,-0.09833962679474989,4.649651774509313
-0.2646568332379561,-0.9885911071509175,2.1950148242027865
2.720169166589619,-1.103589317215771,10.371086056480395
0.6256673477650062,0.17989415115347845,1.4221942234873146
-0.8571575564162826,1.3920022863445993,-5.5341999533432595
-1.0708924980611123,0.918316606002313,-5.139506547069168
0.4824724152431853,-1.570500603623177,5.274842690314175
-0.2234627853258509,-0.9896281365703375,0.20293696149836893
0.714000494092092,0.9407711879882159,1.0271759569480068
0.47323762457354485,-0.9824873935383096,2.6727090845721815
-0.07282891265687277,-0.2246331499970246,0.0974533974062235
-0.846793718068405,0.5500520990245519,-3.8551075624036493
-1.5148472246858646,-0.9683444548636353,-2.313576129444964
-0.4465149520670211,0.1053755061459599,-2.3493580444348567
0.8563987943234723,-1.3340254949182044,5.4683337058477965
0.21409374413020396,-0.6013676439512137,2.857171331936465
-1.245738778711988,0.31978193414253697,-5.058367206717444
0.173180925851182,-1.5929937335316693,3.8003833284220825
0.3853173797288368,0.440474737960399,-0.0559884256325921
-0.883857436201133,-0.019637798926681216,-2.399353107653519
0.1537251059455279,0.5524899544171478,-0.6342307022898358
0.058208718445999896,0.22391413406466143,-0.5939455673134779
-1.142970297830623,1.3641404299738442,-5.91325561100402
0.3577873603482833,0.12522450264790727,1.725087130642407
0.5607845263682344,-0.429405541125253,2.44571276549156
1.083051243175277,0.12229750303228377,3.3644376945353547
1.053802052034903,0.5432980290363879,1.4281736190963512
-1.377669367957091,0.04886007032570433,-4.708946432931685
-0.9378250399151228,0.04059169120388238,-2.658455363212944
0.5150352672086598,-0.7019916878067554,3.6911471915074725
0.5137859509122088,-0.6629009175509482,3.0449663622313525
0.5150476863060479,-1.4026052717996935,4.193824587255954
3.852731490654721,1.7495767431869393,8.058686688301963
0.570890510693167,-1.243863235391285,3.5751941358772124
1.135565640180599,-0.6929051977959073,5.094764979311295
0.9540017634932023,-0.7184072655691974,4.739986352779707
0.651391251305798,0.8949243769444413,-0.06172016638802871
-0.3152692446403456,-0.2949496782920278,-0.590929451216732
0.7589692204932674,1.2477420726737338,-0.08563736904164135
-0.7728252145375718,-0.6734906242438685,-1.1898542631452762
-0.23681860674000887,0.27899416222380197,-1.3015104519805416
-0.48536354782910346,-0.8353470532597573,1.264464357615462
0.08187413938632256,2.1451491277733883,-4.168188687760807
2.3146585666735087,-1.1875984190295128,9.140002462068942
-1.867265192591748,0.3098207102270275,-6.545207901046878
0.6862601903745135,0.6337768809320985,1.163322795009312
-1.6127158711896517,0.41379909745149823,-5.7563578950810035
-0.47193186578943347,-0.1852876588777083,-1.369906798773597
1.088950596967366,-0.12982069973342616,4.187145206505456
0.06428001909546277,0.0438114719791096,0.8150186155849877
-1.0777447779293061,-0.14700200162848862,-3.239442113400294
-0.7153037092599682,0.9638791167949097,-5.006939337050032
0.6795977489346758,2.2105230015913513,-1.878495911460214
-0.7303666317171367,-0.5574917850078336,-1.418431238015745
0.21645858958197486,-1.3698029795790778,3.7842945274854647
0.045571839903813784,-0.08828204835125482,-0.6717722924419668
-0.6516003476058171,2.5797093376543185,-6.667921048976434
2.1439440893253257,-0.8036745679697308,7.433595439275049
0.6339190223180112,1.6391168054440675,-1.011094484400839
-2.025142586657607,1.6777008140764407,-9.423692854207486
0.18645431476942764,-0.5535882417079946,1.18956971802595
-0.661786464768388,0.5689830791852754,-3.3268437091391045
0.852433334796224,1.628396623128538,-0.35633401339005394
-0.7925207384327007,-0.3791277409874871,-1.5663595067655107
-0.11473644146689901,-0.20358036010236177,0.3551578860402686
0.5049872789804571,-0.5816809139486437,3.666543957096401
0.8657551941701215,-1.0147567306928669,3.8446582380405725
-1.2002964070557762,-0.6492775450660071,-1.4937278435510022
-0.3345012358409484,-1.2239402667622565,1.4965547947632745
-0.4749453111609562,0.03408346825922607,-1.9423948941628848
-0.6533292325737119,-0.7699732310586418,-1.085198048473347
1.7654542402810969,0.2337859117907477,4.734230701873279
0.40498171096095553,-1.5558956462036273,4.787561481252351
-1.2608839543350452,0.33088023221445706,-4.508186887622816
0.9178619470547761,0.8335289616089246,1.8421053830701526
2.1221561970126332,-1.9937356425714554,9.62835203115503
1.0324652605511468,0.37405656984757213,2.3432381680352687
-1.5193699659540134,1.2276689924732922,-7.639644605015185
-0.48423407286625136,-1.2096410186912054,1.1483957600961407
1.2669111491866227,1.6725723868377034,0.8990323689331119
-0.7076694656187807,0.4190190093660452,-3.171427312428959
0.44381942814622843,-0.7050118557584089,1.4393750676419361
0.7746340534293368,-0.05576907765770601,2.5349143890016697
-0.926930471578083,0.5583269125217224,-3.679075963910939
-0.05952535606180008,0.0760053914124115,-0.1284394735293744
-3.2412673400690726,0.5387559924463692,-10.18342290918888
-1.0243876413342898,-0.9206735930793662,-1.7673425776686615
-0.2525681513931603,0.169360824036078,-0.7563180495264121
-1.2477831819648495,-1.4137144969049802,-0.31966679584560065
1.6324113039316352,-0.11122606134870032,4.230392242489048
-1.4301413779606327,-0.9039076414647897,-2.32278293799283
-0.44004448669698376,-0.7355299425897666,-0.10116349041525396
0.13074057728609134,1.2360931752104374,-2.1207259551134237
1.4412732890661155,1.091310120594269,2.3150378677789765
-1.4358621511794394,0.609138120907177,-5.7694769774094485
1.1631637521549596,-1.092312764672579,5.336262746229231
0.010233061019587049,-0.3164084496948019,0.6805922911923773
-0.9815086510479509,1.2130976999791834,-5.91434432253362
0.46210347426327075,0.14171691363990474,0.5599640310674101
0.19905969557347003,2.319329539981694,-3.7017933517647266
-0.6002168771587947,0.39331783939437187,-3.161683327844456
0.06980208499001891,0.1920491164900316,0.1584642724445995
-0.3853135968617602,-0.3091164642025014,-0.3064122157533022
0.11351734525124804,0.1335409047822823,-0.7894331382061188
0.6621306745210467,-0.1524698363805439,1.9525493701564005
1.586016816145352,0.7081086766885905,3.9388877965825615
-1.237815498826849,0.9567023167945841,-6.117433895639556
2.1330333746562666,-0.7859894605079495,7.738876913830005
-1.9520877995225019,-1.331232953557778,-2.962767044826001
-0.15178509503558332,-1.8362053731032966,3.6087507157411407
0.5883172064845765,0.5079913269125437,0.6231995226063944
0.28099186773503265,-1.1033666061738736,2.7509537182070245
-0.6226995198205938,-2.152890592952483,3.148867557292438
-0.20812225035727522,0.3885786045309641,-0.5320741282349645
-0.4930009346588328,2.4929995174327906,-5.975572813451182
-0.5893647569442115,-0.006070911539893324,-1.7132933764703357
0.8496020970210246,0.8384907744516419,0.46769188133932704
0.35701548596504734,0.08182935854756501,0.4921655375217293
-0.6929095952606542,-0.09888965319114267,-1.6196924267667985
0.8995998754332507,0.9190764829877686,1.069845770768557
0.30729952087660933,-0.29027454418865134,2.2032469474803453
0.8128621188389601,0.26739231407190295,2.229026774641144
0.6296288419236122,0.3216978061960136,0.49395076249890046
-0.8289950109220723,-0.6680904536430488,-0.6248303166186603
-0.5601810401969696,0.9920423495365228,-4.163658133321161
0.7472936051232618,-0.17495975669540864,2.3998146927844273
0.6103702654334648,-0.7557451594928447,3.467701218411931
-0.020901593964148132,0.5365098435704035,-0.13789072414126935
0.117327383308782,-0.8984679817910373,3.703877391511101
1.277664895788425,0.028181157369128247,4.07999390219511
-0.5915713888358299,-0.009118996644203544,-1.8480744825792768
0.5470973811700379,1.085895565831578,-0.2632461639127673
-0.20219265243389406,0.4746982328799528,-1.1121467101246698
-0.2176812032272203,-0.025026958745143917,-0.7633235049699688
1.09877685198719,0.8177662992002871,2.5584036355171573
0.8254163489880298,1.3902075490173134,-0.18913067147483603
0.8135096360006385,0.5578103063518622,1.573779839843888
1.305478807154329,0.010352619843380607,4.228693307803457
0.02100384163275905,-1.3118362323501596,2.897477294905824
0.6819529712949639,-1.0651136630753726,4.595556490270443
-0.31026675659345604,-0.30522470435466764,-0.6289774543444944
0.3241663524884421,-0.6095122021592831,1.9123725848108772
-0.13014305436768459,-0.186971302985446,-0.5665636736180092
0.09699596499271819,0.056649924897107164,0.39743866049405346
0.5951570254369136,0.5296927543567308,1.1155538193533363
-0.8182206832334725,-0.07049877805909122,-2.084778060506292
2.0923872756854602,0.4865016438262019,6.141404756077746
-1.006017381499702,0.06447441481012024,-3.1497989835338696
-1.2141886127877322,-1.9754665663538713,0.6427381221408024
1.1581108735000678,-0.9393353938187543,4.807152970068055
0.7916626939629359,-0.14408755572161547,2.469613342094838
0.6241198170521551,-1.2096947428411076,4.639517815621569
0.6283455092642799,0.5999287299962045,1.1097301231720027
-0.012246772846914623,1.5307508323436974,-3.2452254570602297
-0.8972543714858315,1.2187618516973167,-5.165086443781162
0.07580455819372633,-0.213442870930208,-0.10463745689880977
-0.6771617115121117,1.490726136849952,-5.191452008639543
0.9751197334177512,0.14866745720211155,3.073215867608923
-0.14705738150213865,-0.33708597111803934,0.5206023057829459
-0.8254971967925115,-0.6134026635409398,-0.9993534026050503
-0.32138584165299344,-0.30246968648812833,-0.3343313083922436
0.41293145427562433,-0.38817681854122876,2.0186795792234187
-0.5637245528039747,0.1704162223754877,-2.362166672899623
-0.8222203955664315,0.1605739810498646,-2.438394938697756
0.2436872114919123,0.0030460201534144695,0.9354560663636029
0.24496657110872277,0.43693816974634986,0.10703279782986824
-0.5069431753711298,1.1906462747863413,-4.1651394970198625
-0.4710383056183228,0.9495541354413237,-4.388894647673238
0.2320499373576363,-1.4848979684499035,4.214522104849563
-1.4480843414973241,-2.553921134901955,0.5241705173077355
-1.4074637743765552,0.9343199112392737,-6.522419027629773
-0.718444221252436,-1.366878698415421,0.9251641890305308
-0.21344715171184725,-0.22476540189268354,-0.38681697130973947
0.3109075655980046,-1.1701130260593595,3.8029169409360435
1.475356216949552,-1.8019804375800197,8.338532500797044
0.8576596232020194,0.541462728204788,1.8318380747967211
-0.1599385299634271,0.7591551603026468,-2.681103766095842
-0.01901620790268883,-0.5765104007267194,1.7019441704385727
-1.0025293646378088,-2.59104229214491,2.3051217559933215
-0.01851313599238993,-0.5462444482524828,0.8523109189046941
-0.2886586389201383,0.3918040054025465,-1.5778896938943825
0.3227185603380895,-1.4789115687741288,3.037861202113366
-0.827230943552323,0.18335991977915564,-2.6440862644749443
0.5193465142411723,-0.015309849172995557,1.0739734869784723
1.5327389130025777,0.5792914996010884,2.763298596883789
-0.1087601484568576,0.11958036841415326,-1.3266207753078247
0.40171172209894146,-0.9730689408815555,3.707617235554898
0.6901439917111125,1.1965715016644913,-0.6373427250420393
-0.40122047188583626,-0.15852957302697002,-0.11973841464531909
0.22409248181041677,-0.02730453950993186,0.4589857929249651
0.01259240078179486,-0.933267959073196,1.0506341416953033
0.09767609854883172,-0.4432822511915103,0.6213305780551862
-0.7730097838554665,-0.8848027140269009,0.06848188649087161
0.024510174258942714,-0.172946059923423,0.3414735536553404
0.49799829124544975,1.7117084801423434,-2.203565734793638
1.4511436077950417,-1.3719011429313563,7.177242222174232
0.9592708260852069,-1.6135613978767411,6.355826642092875
2.1531824575115563,1.4711703274936085,4.0759061254986815
-0.7673475628880495,-0.20932367715186612,-1.1591457194139534
0.8723206367206782,-0.6690727386599166,3.775223064587325
0.18334200573835174,1.0399046873960764,-2.192807200618117
2.1898029332176723,-0.6056155397368641,7.573907298565107
-0.8082982853551515,1.8260097135469362,-5.946774029867884
-0.8397218421807761,0.6779258713392691,-4.356896732326172
-0.5993926454440222,-0.48791140814570266,-1.3009305774881825
-2.123895724309807,2.1573082132655035,-10.514409658685484
-0.525755021680761,-0.6057149230033384,-0.390161394820832
-0.759132661553698,0.742095372009307,-3.7451902309739142
0.15039378647620763,0.2992925804064919,-0.5266514687343957
0.34175597577715944,1.301741289398798,-1.6934150085690016
1.8761708392158862,1.5615111967268527,2.0433735520598013
0.9504238381860503,0.032004149065766624,3.232362421989011
-0.5769036556624031,-0.7534178703461835,0.29374944106703405
-0.898414671348358,0.4599721429391164,-4.538282231042354
0.4919191715065057,-0.6777153697521061,2.366432823927524
-1.3202332070206422,2.013387247526623,-8.735738743660212
1.8314587658543537,0.13653533108273744,4.896293668194137
1.179440120721287,-0.3653215513121087,4.2272444798928985
-0.4691756521047048,0.1846803058649084,-2.5017101778931963
-1.7131345290908775,-1.3471262895296965,-2.9060809147758957
1.3538723741654128,-0.9716140385106515,5.502866513476793
-0.11453984525261789,1.2004139079444254,-2.6408136869472325
1.2378163119734618,-0.6568942789713957,5.061909662381302
-1.594427658794367,-1.0469109826819396,-3.050329787687849
-0.5993750229537729,0.5366527525272862,-2.783020137846192
0.005243699718183166,1.185704154662997,-2.629017252465077
0.046980593764742055,0.7189533106650667,-1.4327923951989339
-0.45006547147924364,0.9960476858058164,-2.5055657409000953
0.6228499323474987,-0.7567950885694608,4.0523705000765915
-1.0676204293825944,-1.4218106667418438,-1.0090305731278946
-0.1423794850212935,1.5013336519554867,-3.0149395500352667
0.12029563171189886,-0.32267983884213575,1.411944850065764
0.514438834058749,-0.25083301645504735,1.4708508907100328
0.7116148780888898,1.328194141849058,-0.11215482755401596
-1.1246420918378692,0.5562300094006599,-3.717420335108651
-1.5341141707356223,0.45588777208160763,-6.07539045949229
1.277676821898509,2.165002344901084,-0.9557256346137724
0.33231401197959165,-0.643518230380143,2.7928092301208123
-0.7484865365565536,0.9278401280812372,-3.965392210419311
1.551151975522523,0.0570131248970845,4.815167814393161
0.11567463429285867,0.26859227886325693,-0.019866046647689484
1.1792971840638264,1.5284684264125317,0.6763026598304881
0.06751848141010895,0.5078357562896237,-1.4763521325044622
2.060747924881987,0.538296079049633,5.62931046985742
1.7553408424432044,1.0725073373098022,3.705802848923896
-0.2489641484790735,-0.3649527295428853,-0.13168235838546377
0.9715709509543554,-0.8392096673390064,4.571393712634147
0.6453759495851475,-1.0448091940210336,3.2601924855196485
1.3686315575323487,-1.9663565893760018,8.295735229357966
-0.9649234605801045,2.056207129940322,-6.721155920763886
0.6860514599984393,-1.1032083657216831,4.233475602939029
1.0584244868495878,-0.221253623585772,4.179957387655559
-1.7587394864231143,-0.27681329988892067,-4.889630474981471
-1.183258512665775,0.30740669780910074,-3.8822859706687263
-2.0392321777601006,0.8157372125392968,-8.259003127704954
-0.26940683444455776,0.8604734883597454,-2.540943555490283
0.7175422557959623,-0.5830774385689385,3.231604515574346
1.502357052096028,-0.1671217137864115,4.953968544881379
0.07409478041977519,0.28257995048829965,-0.527639024133953
1.6286155455712918,-0.24869112618354708,5.317492591245136
-1.3801014582148914,1.6073455760199926,-6.9419719409639065
-1.7033824393551547,0.49097495163825133,-6.310479339961075
-0.05554769889661878,0.7348777860498175,-2.439687219158831
0.3840654489393073,0.6628812686674127,0.7012257615858069
-0.03269474809409311,1.173473857485325,-1.754304919907686
-2.0674421000398766,0.18102155870370695,-7.2105007650798525
-0.08912003951278841,-1.2968319479558466,2.671157679995925
-1.3044695005048532,0.3996879517526416,-4.9642717902955145
0.6696725488300385,-0.651356893791829,3.443475041739303
0.36659824609684827,-0.5286166817497568,2.3041401662968055
-0.9398797863273552,0.5863640187550933,-4.109571296650413
-0.5138669173366935,1.2382830714336357,-4.41004972767055
-1.0592135218889516,0.02127157673606165,-3.565454245297108
-0.06267909727317188,0.3088330125989638,-1.2637992747580644
0.9551423205012383,1.702214944635238,-0.9549140318819835
-0.9857260463355437,0.24075317948856828,-3.472273643008445
0.5040465155178444,2.601683114180395,-4.049106676362632
-0.5302576183724408,0.5655096456315442,-2.3807661135241007
-0.7928728322623442,-1.7607627591558177,1.8865300991925666
-0.10703035995455783,0.7533416211045325,-2.1178009427577598
-1.035242322419374,0.38115838488277776,-3.748341486755989
-0.553649305347182,1.2897527540827456,-3.99061086905557
-1.1978778925888485,0.6731813512699584,-4.703995244846825
1.9647251329163893,-0.13845598398377382,6.20906500067476
0.03526355197172861,-1.2242982362893657,2.9257283376737786
-0.6997255079925856,-0.20902325728602528,-1.4400055330653774
0.213979910734222,-0.8505204542093001,1.7241494294576172
-0.11232804969082982,-0.5805234498047227,1.2586407827315926
-0.22096959953322298,0.5885784044206096,-1.3964201888075172
0.6141667000434252,1.6699045043514062,-1.8789519606618277
0.7575077100473051,0.3946715298229811,1.5021489882197545
-0.5305011476105275,-1.1958830620351844,1.141927177644321
-0.57581824064468,0.4446026682201407,-2.721316968164002
-0.275051697151644,1.196631486645651,-2.6819290408632286
-2.301921164735585,-0.6097829043193822,-4.504261438258309
-1.5151910621985523,-0.1340171666729177,-4.670531869567313
1.3668742674445247,0.014688194729197093,3.380724111298292
1.6449677135012837,-0.78489831308224,6.656609064470769
-0.24903603955637832,0.648280433843859,-1.682887733793781
0.5765569630557664,-0.12094814860778157,1.856133999460478
0.3112501545435361,0.41953244390702776,0.82131590747707
3.0788808084552377,-0.8874921778021001,10.342323881108289
1.1195749114345768,-0.43745830032341043,4.580100646466357
-0.12791759148076653,0.7223813578277714,-2.131445900477289
-0.9555404406004258,-0.372833152091767,-1.2612660645140954
-1.6064463202575725,1.7269638512334051,-7.27700898665547
0.2034636358672231,-0.39963618561460235,1.0263349849392
-0.7563507452843033,0.22468472575188592,-2.9932002553109722
-1.4222537095976742,0.9325908318730899,-5.702148849049301
-0.6465728842425266,-1.4183657329330317,0.7034474882437265
-1.081548003614395,-1.7608088119807759,0.25426800415224754
1.6871416350725648,-1.5256563145700948,8.125431744629088
0.8816397569494505,1.262584103427182,-0.8400855141048408
-0.007972641316617372,-0.5518581458924467,1.0728794947879228
1.4799441388900259,2.5581992856682523,-1.0214300416985145
0.0773683076476183,-0.5642475986573886,1.1140387090577462
-0.8612842013282637,0.18455130319703697,-2.231139208644458
1.5231240772696573,1.5421099525678756,0.8568988795335921
0.5389100436846587,2.006092888159123,-1.9888530518902812
-1.0372461543264564,2.061503576636398,-7.374227081418069
-0.1903386780836082,1.2083662305931424,-3.1276285796850267
-0.8756182533847572,1.0240625258114624,-4.279793863751341
-1.382799730964336,0.5925269492011831,-5.163427444010928
0.9261775475316414,0.7783610761666377,1.5071169888714142
1.9094166404701305,-0.5511857163285334,7.314713684333889
-1.3985675738191412,-0.8181988834223072,-2.7249591462044704
0.5629692366905709,-0.0033744574109520514,1.3895382576397415
-0.6506425691218269,-0.17018462252492844,-2.154133725594523
-0.48712538376469605,-0.4532280493272752,-0.9676253176290154
-0.5923939242388692,0.6963874474567153,-1.6954094549756757
-0.863990769679816,0.9553052085705107,-3.880242935812076
0.04852162794482699,0.08840688629184736,-0.7067860718532244
-0.8309501164110378,1.4775300810552618,-6.109139489715422
0.2704568257798388,-1.141689114133505,3.3356817364657725
-0.05023810944913695,-0.19365945927971812,0.5102369889010089
-0.23894804686640975,-0.7168223206028049,0.9912424182650629
-0.9075636620415979,-1.86653661707306,0.8829043512444775
-0.5767713305683327,-0.08268068584269925,-1.6276797500210498
0.755391225825756,-0.12174750838328353,2.673608456323514
0.5009171876243808,1.513449743242131,-1.4812014204644546
-0.977555244798551,0.6308116845547775,-5.303939289878976
0.09933230542922587,-1.024186824329205,2.2314707496584907
0.751387123371789,1.8540925663341883,-1.8797269796831664
-1.6694052811213718,1.221033695525353,-7.3626775249605645
0.543360192379935,0.5820977034686158,1.9585146715042787
-0.6626237589458467,-0.22648409884983192,-1.3511622464007242
0.5705986685931593,-0.9594392367234797,3.473909636140238
-0.7632591565425169,-0.372206776071053,-1.0844631664968185
-1.804882100664519,1.088748619704186,-7.350799597797322
-1.6275424378831627,1.884586305934609,-8.441752680292785
0.048084946661381994,1.543243528272189,-2.6388069199523967
0.25972250172148187,-0.4888494217862741,2.7851381311517645
-0.9043166251044086,-1.1196174332890112,-1.0391592263981608
0.6385924587773739,0.14088624691120394,1.870820920915441
-1.6615200622689599,-1.7684393655628516,-1.9108720206719454
-0.06607979864731657,0.32316771418478146,-0.5668185011403886
-1.2110161997624567,-0.14760258629866868,-3.7971866824330798
-0.6518361078021592,-0.46603650186824225,-1.2321187264725355
0.047398671316414016,-1.5947030672667954,3.1840571913638795
-0.8604133652839524,0.5136001065697166,-3.1205319493189356
-0.38455554422982535,-0.5327008396619114,0.3709622686055537
1.0062928092144405,-1.169916835710288,4.735853410840705
-0.5768918695231487,-2.8722622132816493,4.041315873493777
0.8356921120651418,-0.027514905050636255,2.2073162189221116
-1.129706854657618,1.772251596669744,-7.56287621265001
0.5298041779152828,1.66125921454787,-1.8416144205620768
1.4415686206579004,-0.45709625658627184,5.084656980918335
-2.4716445001272893,-0.6022120603617805,-4.997151136485545
-0.7968952554704768,0.46877425607502377,-3.1117543658811297
0.57707212718054,-0.9983854391882915,3.0391785095410846
-0.2030453860429927,0.30179189981946597,-1.495106959853381
0.37114587337130883,0.7660802783846903,0.09196871105924509
-0.6039851867158206,1.2269332238843076,-3.221600621481114
0.08658978747289992,-0.10015407647995278,-0.33291414074037384
-0.15567723539207948,-0.20367375017696587,-0.9996463983918292
1.1677820616598074,-0.877982586756561,6.194793946178436
0.2544208433012131,-0.82688035403986,2.6118303266688114
0.3376026620752022,-0.22647889190152676,1.031619404090477
-0.4118769661224674,0.3673655068161781,-1.7030473689385408
-0.48760622407249354,0.9135846262332494,-4.607861794192418
-0.4325581878196209,-0.8031789506803448,0.3103710912004075
0.39445214237829684,1.4926885689595217,-1.6381101243626104
-0.42098448082026296,-0.2711236010425688,-0.25857117060673646
0.2897748568964129,-0.021367294348436157,0.4051111832398422
2.075400798645439,-0.7472116791478234,7.763469334933642
0.8711247034316923,-2.4242402602729416,6.999142317811167
-0.32602353216784113,0.8840453963610497,-2.6184695113884646
1.2012139221639448,0.7368438970924334,1.6822808111254557
-0.4080753730215514,-0.2813275571182134,-0.8656214244083377
-2.038124535177854,0.06699071722487192,-6.74626273737842
-1.008086310917404,0.5159392177040995,-3.7305692472485825
-1.8707919210258557,-1.5625458568865427,-2.0580584909761495
-0.35151348404130867,-0.5290526773462948,-0.11374538241004341
0.0184183791895517,0.7942646796218271,-1.514155224194985
1.6764373122752827,-1.2542894231692494,6.813595075847575
0.32692737376416264,0.2935579321666293,0.24382793295583577
-0.21910052880886424,-1.356581804623405,2.0307597142993448
0.8294055811834892,0.46642998243352635,2.865753324198402
-2.211135309007885,-0.03564148229748357,-7.11810647531577
0.23561455810856594,-1.6151318159055095,4.669195925512936
0.7708651938869668,1.1647393544571714,0.481546259479462
-1.4785862457798415,-0.7345915767980492,-2.8262573814983574
1.143754043206929,-0.810252437014381,5.931077245747115
0.3384964074944141,0.20056919723094285,0.8004035643247881
-0.4152879139008013,1.1486373494287152,-3.34855884272587
0.6327818661062848,-1.015821818978397,3.9034289097668755
2.270692857804396,0.06167984984797165,7.300503314926558
0.18186625505849516,0.42881650033057295,0.2362003814197814
0.24822058630033608,0.6931056072631441,-0.9543880993733861
-0.4593608995402441,0.1764415552772252,-2.3905894064745663
-0.8498443694647918,-0.3670278390833223,-1.9169677489255594
0.8303358165442456,-0.8275902206487197,3.746168608731353
-0.8560838259088672,0.08614388304637476,-2.7723015311270287
0.07156623721939247,-1.072139011985607,2.977695802971461
-0.4776574467651167,-2.9213504834946074,4.1810777991504695
0.47897982574639186,0.4365598041576678,0.5424081782680524
0.3336621052869483,0.9039348410861953,-0.7778719989073481
1.0375399442578992,-2.3629324355418384,8.262700144960016
-0.510016398854747,-1.0097307047099375,-0.6340324541366686
-0.26987493529337125,0.6191542610051978,-2.3512834752731577
-0.9787637157823074,2.0574954697116987,-6.945640240630583
-0.4442932600761116,0.020793707675407894,-0.7744277173657199
0.3773004930448522,-0.7280029412291344,2.341956137839723
0.7569886166453519,-0.18289644110484016,1.698482379124799
-0.9221653241776254,1.3748764191481848,-5.206393087846179
0.8696059201056602,-0.6459641791245353,3.5830649241532364
1.355637858804951,-0.7991920066502536,5.070464260170179
0.41343490322370086,-0.4827435221820324,1.893619059178555
1.876795812558066,-0.9533286082587124,7.444781975363698
-0.773789199103573,0.12267031599479553,-2.8690805615694166
-1.244654703311417,1.6246784584695606,-8.086104055422908
-1.7787202489042786,0.3230792731160291,-5.533786194501328
1.496044311489183,-0.2523535021262876,5.630277459359485
0.6543656563540577,-0.2918112689155441,2.8724805025630142
-0.05558467091045507,-1.563190808696657,2.3907847694495405
0.2799686263198203,0.883109777147159,-1.0270594423086161
-1.1254890472983765,-0.07783719701280203,-3.2240534054842542
2.4457519796168263,-0.18047991359062565,7.997612960812685
0.1292211819752275,3.193107567844861,-5.664381345404999
0.10939479460489289,0.29875290836568624,-0.6364083323059417
0.725766623898692,-0.7517910500951843,3.721879750093225
0.4810092317367132,-0.4263575962055433,2.524383089928847
0.22388402427913137,1.1484457091967548,-0.8973281844827321
-0.7904744554453119,0.11327041053776446,-2.2457109174991032
0.4714683571359957,-1.4382779783173667,4.68548937173048
1.8820244964750337,0.9192289345752035,3.8495289342393746
1.3454200461549777,-0.668144085538994,6.077777882144673
1.593186626639397,1.8732977762175456,1.237845725462848
-0.5112156764311852,1.0800480657146485,-4.124287115809637
-0.9896048202585809,-0.4473218956587512,-1.3724856843956448
-0.12578692009964815,1.281016361735113,-2.5904418474996564
0.055724912288694604,0.0678555105274033,-0.19005829475296393
1.0941915184709485,0.8527736751222195,1.3372807214687852
-1.6924646297148194,0.48473281729447476,-5.898571751163027
1.5295503194606137,-0.8463566549908735,6.512956665997381
-0.15800789857898942,-0.643549832317462,0.9117221017135589
-0.42688106994742003,1.0299608175811612,-3.18491050828314
-1.0121043752601675,-0.33477533210654087,-1.51678377427923
-1.6548566718657693,-0.4036484632419967,-3.621501512995872
0.8231705839619146,-0.955122579349353,4.475074706216962
0.07331796718840389,0.42359906559346105,-0.1565889392379688
-1.2899608997410539,2.062524919243145,-8.51119448947322
-1.295078772063616,-1.0675329142542729,-1.5512069627088982
-0.3357846992901282,0.02421945667275807,-0.15113983634934558
1.669021525289393,1.4122205554154292,2.0736005173411334
-0.2595913513636048,-0.07964139124571515,-1.0433082359089265
-1.5031429531181062,0.4523717962497339,-5.740216896150318
-0.24574306408594432,-1.0623935281468797,0.8427413453647323
-0.2727235697476705,0.4283070972076486,-2.0671658577221605
-2.6968866429415717,-0.18714426500454878,-7.901625448110632
-0.05429486651781221,0.985729995679863,-2.8371281005024835
-0.23093453020867796,1.1873860515647512,-3.059766526780735
0.6962063648134184,2.589563642018614,-2.639369602703649
1.8489560949453452,0.5796331732135757,3.9337238483354238
1.1265650295477574,0.32579631658216646,3.4877444172998238
-0.26888869055483056,0.19438430157733602,-0.9400386305553664
-1.1065259087416703,-0.35316629281068834,-2.097954847791606
2.5733598032498604,0.33848384346169114,6.71419444590013
0.05921843401448826,-0.29540141013902943,1.1957207358548314
0.013929291912946203,0.1684609762696143,-0.8411010269980465
-0.024125087110003277,1.3175975356079597,-2.2624465821276747
0.19808476076785494,-1.0065425652796411,2.693259082759613
-0.14436041192394247,1.1398785611290454,-2.4362127480375264
-0.5736620068802363,1.3171150673398653,-4.9430134581328655
-0.5468589412403921,-0.11806852699107874,-1.8519746908773214
-0.03275327021599839,-2.1218548990085946,4.444064096495886
-0.543424771133765,-0.6078219870944325,-0.8888043413245303
-0.7128457826771644,1.2969945465611092,-4.500923295104149
0.10643022769189683,-0.022868062298882122,-0.3185420955566681
-0.2549772174208553,-0.9993022322949108,1.6577599186605898
1.5039929885826886,-0.5047749212282174,4.905267150820246
-2.650969808393012,0.840620026504553,-9.35799950934838
1.0915068519224618,0.5467335682013793,2.4938688861876273
1.246085192497629,-0.23893209916969432,3.8677338666174883
-2.0733902324081495,-0.36682441181468756,-5.19550859005271
-0.34268759408034877,-0.3917581490438219,-0.11432535248662465
-0.37144086599579146,-0.9224101844985025,0.4610768429132616
-1.4075116947178212,1.6153756894694418,-7.957563805130451
-0.7778166875908753,-0.3223204692113399,-2.6701219701862353
-1.1105758454658288,1.2171585208254965,-5.5912195543986325
1.7522704434236227,1.5213160519224513,1.431777840744938
0.9356783931474612,0.9983108981479604,0.8580854828671169
1.2715550949941588,-0.4316203127180484,4.546181802377449
0.7216720640432351,0.40373009033660945,1.6971273991755844
-1.1290517712172292,-0.024195606390916165,-3.4897868506147876
-0.5245202662797737,-0.9037018607301281,0.06911902944738962
0.48937456122791806,0.324359281721603,1.1853404723846959
-1.2221278088919454,-1.1790397911598025,-1.1407748298141724
0.7129984301723881,1.1876793884615637,-0.07828550781457425
-0.24032539815813503,-0.4646172972983931,0.4428921950266442
-0.3748208075495975,0.2011596558728393,-2.294567795998024
0.7109599682034915,0.28328787154614216,1.944698501511681
0.44426331148603976,-0.25890497370407733,2.156834278873075
-0.3609661658190799,0.5866938014752747,-2.7646276646960377
1.159329803364248,-0.47490365662252443,4.305756486500693
-1.0810633275998973,0.8712972974572442,-5.005438221527996
0.6159356069442637,-1.3459796802467485,4.472517789125422
0.5931012579683838,0.12637957954641182,1.693474598096595
-0.3095464393139903,1.9389289990582848,-4.090813925142949
0.326133022242118,-1.0003313246055747,3.519945079773918
-1.251113576385303,-0.6777449705248515,-3.0539603848219086
0.924027019206901,0.513907849658915,2.0553003534558973
-0.18490213644298903,0.17958178193959795,-0.24940331344045819
-0.5227230205190395,0.3506300992735592,-2.076024999759636
1.0490092258368893,0.4891871301476635,2.7141436298083237
-0.7043436905427592,0.6347214685617699,-2.376338785901435
-1.4084612963635597,1.1096998419562232,-5.932928799949634
-1.5566291735239037,0.40981865692851255,-5.364870536607872
0.6060099513456396,-0.24125765461854246,2.8230894003163804
-1.280429352496283,0.6725737012027313,-5.1139915433458665
1.7547941819843647,1.8998819348952156,1.4765701978051402
-2.081929407883722,-0.13263374638257355,-6.156227848742885
1.6964563682900382,-0.9745293046706415,7.820134393627452
0.2110174672026184,1.1070806692869728,-1.9903232699370912
-0.09671311187039239,-0.12038116395359824,0.7168068546350773
-0.5449190868089497,-2.172669546014036,2.9605138934714086
0.39913611435207086,0.8474216771504216,-1.1970880986456014
-0.037634702424848364,-0.5353281859539227,1.141576911129011
1.1033018820165215,-0.09053328230416077,2.440958956832074
0.11422764866203965,0.33198033056901455,-0.0085237067363923
0.1503017614618776,0.1904996797790664,0.5125216663219956
-0.36361221221385587,0.7094518171390395,-2.8059182487456735
-0.056945623721067457,-0.43548637056984335,0.7619097179542755
0.3078017688920592,0.5131057981760827,0.8742724271991553
-1.7101683926566256,-0.2595466775839172,-4.86428517493301
-1.348185422105713,0.738810480887503,-6.051631021620445
0.743264094022715,0.6153674840130534,1.7398890152733375
0.17086543812794186,-0.9354387020445953,3.3647673137384135
-0.18398333635267913,1.0859821161750323,-2.7220664054841786
0.01843393306539316,-0.535963445114048,1.6329602071284537
0.34758170536167105,0.8080577982811451,0.09736747728816353
-0.5397596803093615,0.36728731340134063,-2.725095783999958
-0.7783047254023127,1.8381836767951225,-6.253934447481116
0.19584525509768155,-0.22346598237185214,1.6499049866141164
-0.978372777615032,-0.3493167961181975,-1.3939776012544463
0.40825275571447184,-0.01941960588773261,1.545037909006058
-1.7025836042378404,-0.30317978283427544,-4.941298423795997
1.0291556373256436,0.7999419019420501,2.4811136639425513
0.472597482413043,-1.616310608436588,4.3849282152063225
0.25602973431387566,-1.053682419146354,2.7078851506486092
0.9826909839455139,-1.067802921579193,5.254847712239738
1.6654744444625766,0.9503075919735757,3.8728883597979653
1.0143700650181304,1.7106133725819253,0.048871438166652625
-1.8408742313316453,-0.1044492185374715,-5.106291506739038
-1.2795769667357015,-0.16882172319001063,-3.26944318876803
-0.6248185776956788,0.07005216311318138,-1.9928027249916664
0.026091050210833786,1.1618783026081905,-1.9664136973246265
0.517659020469123,-0.9273531341905741,2.1429032909413657
-0.7257438131534656,0.23836898273478513,-2.802273134464866
0.18676676447707832,0.9751976297824297,-1.269433998675234
-0.7553829323533225,0.5010941699398452,-3.8438441787494115
-0.6115178029919482,0.1895816165987434,-2.0205549832675516
-1.4066610968482223,1.0010460925671412,-6.32431108617201
-0.9232332461109043,-2.703232292999237,3.5145026968235067
-1.3516846056163336,0.6778753195309076,-4.6242945933033885
-0.9758732529773327,-0.6540756831274238,-1.852371177236232
1.0536417966078395,-1.830632896856457,6.746772327753085
-0.949398888831943,0.5112025995249807,-3.9075756483499866
2.632382064837391,1.3736585451629577,4.923999366106446
0.4933179008808892,-0.13744851462769186,1.8523632239121146
0.1848361236948739,0.9528745472029388,-1.730381757765051
-0.8583577801812136,1.6122782579886454,-6.3649375239896955
0.7003098794089914,1.3149144535840473,-0.2175436569909862
-0.5756378262377739,1.639964529371393,-4.692077745345203
0.12200981464536144,0.7421274910718922,-1.5203834180376963
2.5600845382687947,0.0754336389015928,7.977064052384498
-0.09605989972464987,-1.6019658118971685,2.5999630600377217
1.1492733262856758,-0.24606248812994858,4.0665275741359155
-0.7031764251258874,-0.8432465953161917,-0.012864078439050741
-0.0349884904969617,2.1709427174978138,-4.463657188838369
1.77080063563551,-0.1758858124323366,5.891543987841771
-0.6269670577877674,0.12320480678448567,-2.3855256088760592
1.8124485579969287,0.5514853760404675,4.236141630195802
0.7077519354554754,0.043602446372453724,1.9331211981813485
-0.5624667758942676,1.695051040430753,-5.450791581814428
0.632407739055521,-0.622649361734452,3.0541348590775756
0.9725544496267299,0.1946074552372427,1.754139288973831
0.6218099622171964,-0.7424705856980482,3.1047941844766336
-1.5702247198904564,-1.3200225112207058,-2.2130668839147933
-0.7271371758248686,-0.6117690909052854,-1.0859632219117252
-0.24751863555150475,-0.03703679704841202,-0.7892310354930796
-0.07443342910004629,-0.42930222451725997,0.6044220618043167
0.620672097550678,-0.692420979873856,3.486579011442778
0.17770100093325383,-1.4063174636718339,3.7829964672096903
-1.3353443587101013,-0.08310557262869477,-4.164704544297049
0.3801978510059632,-1.5047203740310022,3.548433873385322
0.6105857452838231,0.7600559636896026,-0.20937689764928713
0.5597904479310398,0.08243975293450329,1.2708903773266491
1.0807807255546218,-1.4575514994649306,5.981484516685472
0.8339221545489041,-0.30920907704986345,2.7351865846477104
0.4591800792284367,-0.7521564055905832,2.2337947167415293
-0.07016571145864703,0.31917451041918043,-1.0769065689513961
-1.6609609335159914,1.3404504460231446,-7.573070382537278
0.42961821913258585,-1.8751724696457446,5.3367143296070285
0.20768768716311115,0.11502607914741717,0.11429937664033851
0.27157883719537346,-0.1601327955666404,0.928503191647684
-1.2767485758203094,0.6713400764504657,-5.636275034785515
-1.0810565404082624,0.21319662823768915,-3.6852824628875536
1.0531528533329035,-0.7519693317388191,4.239182906380941
-0.03955515385665504,-0.31905393566661816,0.8060063163838712
0.6815006973726244,-0.796025856803489,2.7436205597577956
0.028318376130461172,1.0760071385985983,-2.2468739850320443
0.02975613949574519,0.02131164867194222,0.1971987907392222
0.9382838059759977,1.9011906857530074,-0.8956126954167696
-0.5160447282173739,-0.060660813814620775,-0.08029572503263194
0.09612077694098337,-0.7084067669104628,1.8800758769278294
-0.4622752887050425,-1.5137143926128271,1.138575620689522
-0.4344962274323156,-1.803139676255945,2.2550585466704067
-0.30917212346863937,-1.5841359430054898,1.3526323488718355
0.22213377163371284,0.2671266510114834,0.09184813822979124
-0.4787486216634773,0.5087250232299338,-2.8702239399506793
1.2557561255735208,-1.5811907020321334,7.38734491856491
-0.8946073022195039,0.8950383140761154,-4.74866867210851
-0.18687164416135904,-0.4830610516834395,0.34712421298517854
-0.4397310582741749,0.14679301198554937,-1.9305581194958252
1.4469778843537329,1.6122206282554243,1.9859180724770156
0.19655477651157463,0.8968393158655319,-1.3646356852552957
1.0318445394686349,-0.2685306479058323,4.54887343595717
-1.485560373036972,-0.8911922254152874,-2.2672207872212082
0.26705026586925884,-2.151815401329305,5.34581496393408
0.889630795623437,-0.7191533192424201,4.291565599013911
0.08228398927542419,-0.21113023882769444,0.8660110945897872
1.0654803750653512,-0.987179527151184,4.206963889825616
-0.5172884501003722,-0.13125696709230472,-1.4287931131918852
1.40934744018558,0.07685188295876821,4.4969175402313635
2.2988981236192503,-0.22485598180807856,7.321957742736855
-0.36283856043965906,-0.6500025808234597,-0.4911054430738452
-0.4455025214007718,0.16865467196672768,-1.7000191334245054
1.453384477117701,0.44194064956940904,4.328324890342031
1.5795721457307124,-1.090399077442846,7.5429604498451885
-0.5228600271532683,1.41093237974627,-4.42144684563536
-0.42018681709585726,-0.09858813228426173,-0.5876595481900049
-0.2817846088605072,0.018849622944847662,-1.066306582655243
-1.344450511034277,0.7082144232565571,-6.3017161730293045
-0.9186519464841982,0.23321613126350166,-3.6846210960443755
-1.0041407667520679,0.9531366339132451,-4.137251183828595
-0.7677975651041284,0.2871241652018242,-3.0146375666306855
-0.03468488738678118,-0.6124373746404379,0.9991280974330232
0.23421473253652075,0.36150352520610163,-0.17028195094008122
1.5505004928140769,-1.1437262073206618,7.891022187870057
-0.998354040738791,0.10855970577652314,-2.3992020760883874
0.9843223984765838,-0.0332299906444608,4.12881729344274
-0.21398884422550896,-0.2081168572725397,-0.30525542333147315
-0.04946370965243295,-0.12853751143893075,0.2564961382941102
0.6748194921666038,-1.881849045497639,5.0298352927846945
-1.1227220215622986,-0.5487249077409615,-1.5322490361458356
0.3824097461840506,0.09284490114111471,0.37764966063595495
0.1664522082130561,0.15985639199740037,0.2880316225256821
0.4924512640081491,-1.0276751409259581,2.9840528100599415
0.2891686439078181,1.2657078408647007,-1.958343163375295
2.4553001399108942,-0.8661748482145009,8.679618900636832
-0.637739984251316,0.9694572005267368,-4.15607198414533
-0.5309969550018176,0.42719436187168486,-2.7169409403233122
-0.6231405264247644,-0.646227309843803,-0.8511013570492254
-0.5554771191602547,1.775310892609512,-4.800386186809634
-0.6373871273065177,-1.19363683175648,-0.07731911493785304
1.1890165311075518,0.9191541736100015,1.8390119596095857
1.4205042479898549,1.0005823180429783,2.8693276840363877
-0.5707462937494763,-0.6706202090766449,-0.6275966453518371
-0.8323555731042287,1.3924653000643288,-5.640956764815144
0.4714155563864041,-0.2500465145989528,1.7990773857669926
-0.5522230442809712,0.28869362927985703,-1.6441937872222727
0.6329318177555108,0.2603218387712207,1.4752055912007698
0.2029230208512997,-0.1343087414705478,0.6117793981911954
-1.515744114997232,0.8108082731597821,-5.9269105657172405
1.5475052013300616,0.793488720552213,2.5043920879675476
1.7958776730955217,-1.7485319732381808,9.225376720984402
-0.6127886904843862,1.3043402428781525,-4.24274290335858
-0.38770155993598415,-1.6624919880356743,2.007975060693954
0.28586539072490497,1.0325462043416573,-1.6267891357322153
0.334456789987025,1.1267051368275833,-1.6933803648358203
0.6585442726728304,-1.0909664302151982,4.424974346621843
2.0102045387663496,-0.4108142879545848,7.46673244345275
-0.1769472274940494,-1.1057046684859357,1.361913780975326
-0.7982972445384537,-0.21492103028873533,-1.7358563212621485
-1.3793192280145272,-0.30803428418574125,-4.565402624973133
-0.7309300399419191,0.7796605322693398,-4.044420049693037
-0.033126972873797095,1.3103087461196083,-2.735527877296059
1.7945578635177877,1.395683810789956,2.137464260482534
-0.5176112990361714,-0.5621680265783021,-0.896751031346708
0.2237879516388985,-0.20922187374452778,0.7559178241713079
-0.016422896072752075,-1.6834381922209503,3.463704060386831
1.188393273448084,-0.8058700664961888,5.083255444133441
2.5269324258736217,0.9648516330974576,4.531978394763464
-0.5308687729203206,1.6155828235482317,-5.884122042174958
-0.48943944251822213,-1.234348871879922,0.6969468272765899
1.044160877069072,-0.5924642591528942,4.54625444253978
0.6818914896263114,-0.02640575695892703,0.7247335614341712
1.8467073257360336,0.2801611588196068,4.729934571493072
0.5839281853259639,-0.8096035199216461,3.1078676675624735
-0.35929209078705954,0.4240610444640897,-1.231829472185134
0.5906548306923093,-0.47383934707091613,2.527132280362328
1.1087035805829077,-0.014452270878279104,3.5465097758757453
0.820482181197364,0.5462842480036996,1.4395066176284248
0.5072740311072977,0.0064222698109378164,0.4436943137964171
1.066674689589154,-0.4363858905265686,4.456899458136467
1.1692955904456728,-0.10960980392583083,3.834804631916824
1.3821589910375272,-0.08836295920533532,4.577337211360547
0.6487098875896427,-0.3700110298821277,4.649270575751347
-0.16711808031685435,-0.25879606266710237,-1.0258185853656525
0.14671368643332283,1.598647170504717,-1.894804956828911
1.2065089665083568,0.5609194479412387,2.353964243942415
-0.8169356709872361,-0.29548031802916036,-1.716181924701883
0.3686733088729012,0.6969544045107356,-0.310645005053389
-0.3933388123273607,-0.33381948975600995,-0.7244956241690839
0.028744822934817487,1.1731246375866413,-2.5449312704882097
1.2784518626072987,0.3696421921980939,3.2608255712122127
0.19109906801990334,-0.10730214400422888,0.02931464373232817
0.04643654815614881,0.4477169258102776,-0.38083462339122603
-1.3598561409799192,-1.5708761520684993,-1.1459133212453865
0.7462535660272207,-1.1267674689098053,3.927260966381094
0.6454841811410754,-1.1939250063990554,4.09929612722343
2.16325472330546,0.14294309476370676,6.832452588820253
-0.30777823495300083,1.732514999485092,-4.656032247337298
0.21915032766393897,2.2313001461926323,-3.6259225002886377
0.24938368371075526,0.6380511014407572,-0.8934292896069852
1.5774532797634744,0.5008444749444569,4.109631814363318
-0.0952955323869521,-1.801057734152739,3.6589827405397237
0.27902152577033923,-0.5426737997340217,2.846716593427267
0.6078965097165392,-0.7877837519082389,3.3114750602164875
0.1866091231563581,-0.620847598251116,2.13584996835026
-0.44643361455052827,-0.1681438185847896,-0.9539794367125332
0.19408999289830758,-0.47209057769712737,2.1743870250206845
1.073631749859772,-1.9792998103757877,6.820078676526527
-1.0265152994110602,0.7479102561175338,-4.202863754029608
0.132969674146876,-1.0727430257398065,2.4470464258619002
-0.7001208149391732,0.23924686411114954,-2.6109502615940676
1.1950466289248425,2.0740826697499735,-0.5171492105012331
-1.5231869047837747,-0.9193845915864234,-2.6046713329651383
-0.5589218472715883,-2.5302875227463297,3.3256949821169153
0.37721187506452086,-0.2860042218801108,1.8110006605390474
1.5655240292343404,1.100959634998571,3.2837118464869715
-0.0657502610729878,1.9583474542205939,-3.6212208488525413
-0.5551995266931984,-1.2295495944524168,1.2280779050736867
1.8811570694405901,0.4966992232365217,4.422302998836791
-1.448013900416244,-0.46531045678005334,-3.858041201802787
-2.198805956620082,-0.10594835430413566,-5.906870882133099
0.4400144500533324,2.6443433470170348,-3.5306199476091753
-0.5020542243526112,-1.5029703283951532,2.236113321607964
-1.0212328171307132,0.25373966149457344,-3.8731680873659013
0.7083564472993533,0.4676931717654332,1.0749086706870201
0.24380071377119883,1.0857863249393471,-2.259912589827815
-0.5640786307367284,0.09798315347089544,-2.0844377521824122
-1.2803043986708944,0.3080505395041023,-3.958729019731164
0.8724573282801447,-0.3916485674217911,3.167421430069917
0.650201177958661,0.26912694124510733,1.7325895489861802
-0.09917586377938291,-0.3431922754974105,0.2936054066577666
1.8466369960476658,0.6215718898560508,4.458795722541676
-1.0700847663261526,-0.36961033604363397,-3.0448793217990238
-1.5255251709247388,0.37710039390218647,-5.2881715757616385
-0.6919080698812444,-0.029262813684978354,-3.512766567724138
-0.045586016355497805,1.1260502507721681,-2.482306629691822
0.24333944932269183,-0.05139372358848624,0.01756917328747798
-0.24123605785632987,-1.7730324682068814,3.4253540211181814
0.3520553965142968,1.2619215007139917,-1.0789731355028374
-1.251539424190444,-0.9057323008626189,-1.709818179863054
1.4437646040732595,-0.6537663386488198,6.399329603097108
-0.0821511783925688,-0.5956612940434921,0.4704107924968592
1.1172958315881276,1.3744380931708173,1.4766929073805273
0.34272534637770413,-2.1356742139786955,5.765620249220696
0.4567532191537839,3.1377485336599937,-5.023515053468109
0.5697672802322039,1.0560568090660518,0.16499829615598027
0.44770856001731496,0.22323891412915967,0.3435010955878085
0.6427227598675439,-0.05489400061628639,1.6256992000713675
1.3291525301324314,0.28555407485765694,3.11205457906213
0.19652116970147013,0.5211224283793383,-0.7171702016862739
0.7090037575885123,0.645215585950057,0.3083012794852964
-0.08973569428722672,0.5556044660034485,-0.7688744813209146
1.4401172154494728,0.08958068125524882,4.011763083653006
-0.6763923020592697,-0.1973384203073261,-1.4582475813847169
1.8009404329108156,-0.1512732836535117,5.42019218283263
-0.04015795064434341,-0.194908280352681,-0.6409589415019268
-1.4307751021180481,1.1337700968670645,-6.424836820892562
0.12810441491078928,0.5935567222808619,-1.7589276875392443
-0.6810516574748808,-2.9403886346642802,3.803305273861184
0.8406435489887241,0.655900776529761,0.5259715744902452
-0.6526239793023909,0.19473619471877485,-1.3537063277293186
-0.4461834332147797,-0.018708756445897416,-0.8454514256651835
-1.889540730945531,-0.38851845308888583,-4.838708391023081
-0.4523063192490767,1.1241127199860135,-2.973291058891923
-2.4238793266289567,0.9475264621228578,-9.589848892865454
-1.5839028234857233,-0.7728776678236091,-2.934213445474905
0.7604146561442974,0.4070522871245351,1.5670446110431786
0.7858001586508322,-0.971656734541286,4.432723985701904
0.42545756178496474,-1.3796181647889305,4.671785764986139
-0.966976143129213,-0.6267172245899651,-1.2812479288178074
-0.047711356141979855,0.8623934723827588,-1.7235591817789455
-0.0036025390905684044,0.9531250453760867,-2.7445014261380267
-1.1583646891925428,0.513085420097293,-4.981288055411945
1.5033983017671506,0.7250957868479971,2.9986488648075955
0.8773622905756714,0.5161782871149584,1.6464164846354232
-0.22096417382966393,-0.6414815952229522,0.05496880661995074
0.02688583899453078,0.43192254467394064,0.42265076542492164
0.20838280794755248,0.8004095252276823,-0.21747359898592067
-2.0417348684242906,0.7542913298135743,-7.3327281047037784
-0.24717738252059693,1.188913371474643,-3.0833404598692042
-0.6819842479977986,0.7083038472010638,-3.568664923346099
-1.0016200098949155,0.3514482075415829,-4.18371567477903
-0.2811002928859549,1.0701502383164274,-2.944861096031288
1.7976865268495226,-0.026521259249060063,5.574978369118063
0.6408428612670098,-0.8818746512277178,3.065397598515653
-0.5711789897827968,-0.16306696394376388,-1.220314832838414
0.5725827813561586,-0.7449026448064491,3.1299241092689996
